jpmorgan; healthcare; jan; city; goldman
cubans; cuba; immigration; havana; obama
airasia; flights; indonesia; planes; crashed
fitch; rates; idrs; affirms; fitchratings
bmo; amc; inc; corps; jan
yards; colts; games; touchdowns; seasonal
golds; prices; percents; dollars; oiled
games; ins; postseasons; rhps; series
police; petrobras; palestinians; courted; islamic
hong; kong; mainlanders; xi; chinae
aa; serials; refunding; county; schools
repos; rupees; toyota; refiners; enterprise
words; moved; usa; courted; healthful
lme; metals; warehouse; rents; aluminium
attacks; paris; police; charlie; islamic
bt; sweden; emerson; crawford; johns
feds; rates; inflation; kocherlakota; lacker
bbb; idrs; downgraded; affirms; rates
pemex; contracting; adt; colorado; audits
houthis; hadi; yemen; saudis; ales
pipelines; bpd; destination; miles; texas
figs; forums; coasted; conf; partners
disney; euros; shareholder; fees; walt
aa; refunding; schools; series; bonds
rivals
peru; nov; dec; ulsd; colombia
marred; ince; raymond; stanley; morgans
iran; obamas; netanyahus; nemtsov; nuclear
livers; drugs; tested; poultry; disease
repos; rupees; refiners; enterprise; rbm
pao; courted; kleiner; laws; pilots
seks; apre; teliasonera; volvos; fasting
rayed; jay; vws; piech; blues
google; eu; vestager; searching; clintons
banks; gmt; monetary; reserve; speaking
rivals
cells; cancers; switching; patients; therapies
camerons; laborers; parties; election; seated
rivals
fifa; soccer; blatter; cups; corruption
myanmar; migrants; boats; rohingyas; bangladesh
islamic; azhar; senator; ales; cancers
harvard; blum; admissions; students; asians
medications; doctors; college; schools; students
notified; deadline; simplify; acquired; july
fifa; courted; republicans; voting; bushes
flags; confederation; churches; carolinas; charleston
rivals
subarus; workers; laborers; otas; asylum
sony; films; emailed; chinae; movie
athletic; doping; iaaf; sports; olympics
rivals
cftc; banks; swaps; regulation; guaranteed
koreas; north; southe; koreans; seoul
marriages; davis; licenses; clerks; courted
trumping; parties; obamas; election; iran
des; les; las; uns; dus
shrimps; tpp; vietnamese; seafoods; gulf
refunding; aas; bonds; serials; series
notified; deadline; simplify; oct; acquired
uberize; riding; cars; drivers; city
ships; hurricanes; joaquin; faroe; coasted
lpgs; kerosene; cooked; indias; oiled
meats; puerto; storms; cancers; patricia
sugars; beets; gmos; farmers; foods
words; moved; carsons; updated; usa
mining; dams; irons; corning; samarco
artcbvideostrategy; prototype; functions; undefined; sps
notified; deadline; simplify; dec; acquired
salmons; mining; pesticides; indias; vws
pfizers; allergan; taxes; inversions; dealing
btg; pactual; esteve; banks; brazilled
ships; greece; greeks; shipowners; taxes
climate; energy; nuclearization; chinae; indias
drugs; babies; childs; mothers; hospital
fifa; soccer; charged; trujillo; indicted
bitcoins; wright; nakamoto; australians; satoshi
dalais; lamas; tibetans; tibet; protests
pcaob; secs; schnurr; audits; accounting
detainees; pentagonal; transferred; official; delegation
